,Date,Holiday
0,12/31/2010,New Year's Day
1,1/17/2011,"Birthday of Martin Luther King, Jr."
2,2/21/2011,President's Day
3,4/22/2011,Good Friday
4,5/30/2011,Memorial Day
5,7/4/2011,Independence Day
6,9/5/2011,Labor Day
7,11/24/2011,Thanksgiving Day
8,12/26/2011,Christmas Day
9,1/2/2012,New Year's Day
10,1/16/2012,"Birthday of Martin Luther King, Jr."
11,2/20/2012,President's Day
12,4/6/2012,Good Friday
13,5/28/2012,Memorial Day
14,7/4/2012,Independence Day
15,9/3/2012,Labor Day
16,11/22/2012,Thanksgiving Day
17,12/25/2012,Christmas Day
18,1/1/2013,New Year's Day
19,1/21/2013,"Birthday of Martin Luther King, Jr."
20,2/18/2013,President's Day
21,4/29/2013,Good Friday
22,5/27/2013,Memorial Day
23,7/4/2013,Independence Day
24,9/2/2013,Labor Day
25,11/28/2013,Thanksgiving Day
26,12/25/2013,Christmas Day
27,1/1/2014,New Year's Day
28,1/20/2014,"Birthday of Martin Luther King, Jr."
29,2/17/2014,President's Day
30,4/18/2014,Good Friday
31,5/26/2014,Memorial Day
32,7/4/2014,Independence Day
33,9/1/2014,Labor Day
34,11/27/2014,Thanksgiving Day
35,12/25/2014,Christmas Day
36,1/1/2015,New Year's Day
37,1/19/2015,"Birthday of Martin Luther King, Jr."
38,2/16/2015,President's Day
39,4/3/2015,Good Friday
40,5/25/2015,Memorial Day
41,7/3/2015,Independence Day
42,9/7/2015,Labor Day
43,11/26/2015,Thanksgiving Day
44,12/25/2015,Christmas Day
45,1/1/2016,New Year's Day
46,1/18/2016,"Birthday of Martin Luther King, Jr."
47,2/15/2016,President's Day
48,4/25/2016,Good Friday
49,5/30/2016,Memorial Day
50,7/4/2016,Independence Day
51,9/5/2016,Labor Day
52,11/24/2016,Thanksgiving Day
53,12/26/2016,Christmas Day
54,1/2/2017,New Year's Day
55,1/16/2017,"Birthday of Martin Luther King, Jr."
56,2/20/2017,President's Day
57,4/14/2017,Good Friday
58,5/29/2017,Memorial Day
59,7/4/2017,Independence Day
60,9/4/2017,Labor Day
61,11/23/2017,Thanksgiving Day
62,12/25/2017,Christmas Day
63,1/1/2018,New Year's Day
64,1/15/2018,"Birthday of Martin Luther King, Jr."
65,2/19/2018,President's Day
66,4/30/2018,Good Friday
67,5/28/2018,Memorial Day
68,7/4/2018,Independence Day
69,9/3/2018,Labor Day
70,11/22/2018,Thanksgiving Day
71,12/25/2018,Christmas Day
72,1/1/2019,New Year's Day
73,1/21/2019,"Birthday of Martin Luther King, Jr."
74,2/18/2019,President's Day
75,4/19/2019,Good Friday
76,5/27/2019,Memorial Day
77,7/4/2019,Independence Day
78,9/2/2019,Labor Day
79,11/28/2019,Thanksgiving Day
80,12/25/2019,Christmas Day
81,1/1/2020,New Year's Day
82,1/20/2020,"Birthday of Martin Luther King, Jr."
83,2/17/2020,President's Day
84,4/10/2020,Good Friday
85,5/25/2020,Memorial Day
86,7/4/2020,Independence Day
87,9/7/2020,Labor Day
88,11/26/2020,Thanksgiving Day
89,12/25/2020,Christmas Day
90,1/1/2010,New Years Day
91,1/18/2010,"Martin Luther King, Jr. Day"
92,4/2/2010,Good Friday
93,2/15/2010,President's Day
94,5/31/2010,Memorial Day
95,7/5/2010,Independence Day
96,9/6/2010,Labor Day
97,11/25/2010,Thanksgiving Day
98,12/25/2010,Christmas Day
99,1/1/2009,New Years Day
100,1/19/2009,"Martin Luther King, Jr. Day"
101,2/16/2009,President's Day
102,4/10/2009,Good Friday
103,5/25/2009,Memorial Day
104,7/3/2009,Independence Day
105,9/7/2009,Labor Day
106,11/26/2009,Thanksgiving Day
107,12/25/2009,Christmas Day
108,1/1/2008,New Years Day
109,1/21/2008,"Martin Luther King, Jr. Day"
110,2/18/2008,President's Day
111,4/21/2008,Good Friday
112,5/26/2008,Memorial Day
113,7/4/2008,Independence Day
114,9/1/2008,Labor Day
115,11/27/2008,Thanksgiving Day
116,12/25/2008,Christmas Day
117,1/1/2007,New Years Day
118,1/2/2007,Day Of Mourning -Gerald Ford
119,1/15/2007,"Martin Luther King, Jr. Day"
120,2/19/2007,President's Day
121,4/6/2007,Good Friday
122,5/28/2007,Memorial Day
123,7/4/2007,Independence Day
124,9/3/2007,Labor Day
125,11/22/2007,Thanksgiving Day
126,12/25/2007,Christmas Day
127,1/1/2006,New Years Day
128,1/16/2006,"Martin Luther King, Jr. Day"
129,2/20/2006,President's Day
130,4/14/2006,Good Friday
131,5/29/2006,Memorial Day
132,7/4/2006,Independence Day
133,9/4/2006,Labor Day
134,11/23/2006,Thanksgiving Day
135,12/25/2006,Christmas Day
136,1/1/2005,New Years Day
137,1/17/2005,"Martin Luther King, Jr. Day"
138,2/21/2005,President's Day
139,4/25/2005,Good Friday
140,5/30/2005,Memorial Day
141,7/4/2005,Independence Day
142,9/5/2005,Labor Day
143,11/24/2005,Thanksgiving Day
144,12/25/2005,Christmas Day
145,1/1/2004,New Years Day
146,1/19/2004,"Martin Luther King, Jr. Day"
147,2/16/2004,President's Day
148,4/9/2004,Good Friday
149,5/31/2004,Memorial Day
150,6/11/2004,Presidential Funeral - Reagan
151,7/4/2004,Independence Day
152,9/6/2004,Labor Day
153,11/25/2004,Thanksgiving Day
154,12/25/2004,Christmas Day
155,1/1/2003,New Years Day
156,1/20/2003,"Martin Luther King, Jr. Day"
157,2/17/2003,President's Day
158,4/18/2003,Good Friday
159,5/26/2003,Memorial Day
160,7/4/2003,Independence Day
161,9/1/2003,Labor Day
162,11/27/2003,Thanksgiving Day
163,12/25/2003,Christmas Day
164,1/1/2002,New Years Day
165,1/21/2002,"Martin Luther King, Jr. Day"
166,2/18/2002,President's Day
167,4/29/2002,Good Friday
168,5/27/2002,Memorial Day
169,7/4/2002,Independence Day
170,9/2/2002,Labor Day
171,11/28/2002,Thanksgiving Day
172,12/25/2002,Christmas Day
173,1/1/2001,New Years Day
174,1/15/2001,"Martin Luther King, Jr. Day"
175,2/19/2001,President's Day
176,4/13/2001,Good Friday
177,5/28/2001,Memorial Day
178,7/4/2001,Independence Day
179,9/3/2001,Labor Day
180,11/11/2001,Veterans Day(World Trade Center Day)
181,11/12/2001,(World Trade Center Day)
182,11/13/2001,(World Trade Center Day)
183,11/14/2001,(World Trade Center Day)
184,11/22/2001,Thanksgiving Day
185,12/25/2001,Christmas Day
186,1/1/2000,New Years Day
187,1/17/2000,"Martin Luther King, Jr. Day"
188,2/21/2000,President's Day
189,4/21/2000,Good Friday
190,5/29/2000,Memorial Day
191,7/4/2000,Independence Day
192,9/4/2000,Labor Day
193,11/23/2000,Thanksgiving Day
194,12/25/2000,Christmas Day
,,
,,
,,
,,
,,
,,
,,
,,
,,
,,
,,
,,
,,
,,
,,
,,
,,
,,
,,
,,
,,
,,
,,
,,
,,
,,
,,
,,
,,
,,
,,
,,
,,
,,
,,
,,
,,
,,
,,
,,
,,
,,
,,
,,
,,
,,
,,
,,
,,
,,
,,
,,
,,
,,
,,
,,
,,
,,
,,
,,
,,
,,
,,
,,
,,
,,
,,
,,
,,
,,
,,
,,
,,
,,
,,
,,
,,
,,
,,
,,
,,
,,
,,
,,
,,
,,
,,
,,
,,
,,
,,
,,
,,
,,
,,
,,
,,
,,
,,
,,
,,
,,
,,
,,
,,
,,
,,
,,
,,
,,
,,
,,
,,
,,
,,
,,
,,
,,
,,
,,
,,
,,
,,
,,
,,
,,
,,
,,
,,
,,
,,
,,
,,
,,
,,
,,
,,
,,
,,
,,
,,
,,
,,
,,
,,
,,
,,
,,
,,
,,
,,
,,
,,
,,
,,
,,
,,
,,
,,
,,
,,
,,
,,
,,
,,
,,
,,
,,
,,
,,
,,
,,
,,
,,
,,
,,
,,
,,
,,
,,
,,
,,
,,
,,
,,
,,
,,
,,
,,
,,
,,
,,
,,
,,
,,
,,
,,
,,
,,
,,
,,
,,
,,
,,
,,
,,
,,
,,
,,
,,
,,
,,
,,
,,
,,
,,
,,
,,
,,
,,
,,
,,
,,
,,
,,
,,
,,
,,
,,
,,
,,
,,
,,
,,
,,
,,
,,
,,
,,
,,
,,
,,
,,
,,
,,
,,
,,
,,
,,
,,
,,
,,
,,
,,
,,
,,
,,
,,
,,
,,
,,
,,
,,
,,
,,
,,
,,
,,
,,
,,
,,
,,
,,
,,
,,
,12/26/2005,Christmas Day
